Team,Player_ID,MIN,FGM,FGA,FG_PCT,FG3M,FG3A,FG3_PCT,FTM,FTA,FT_PCT,OREB,DREB,REB,AST,STL,BLK,TOV,PF,PTS
Atlanta Hawks,1630235.0,16.8,1.8,4.8,0.3556,0.4,2.0,0.15,2.2,2.2,0.6,1.8,1.8,3.6,1.6,0.8,0.0,1.6,1.6,6.2
Atlanta Hawks,1627749.0,31.8,6.4,15.0,0.422,0.4,2.0,0.2,1.0,1.8,0.35,1.2,6.2,7.4,6.0,1.2,0.2,0.8,1.4,14.2
Atlanta Hawks,201988.0,23.0,3.4,8.8,0.36879999999999996,2.6,6.6,0.3598,1.4,1.4,0.4,0.0,1.0,1.0,2.4,0.2,0.0,1.6,1.4,10.8
Atlanta Hawks,1629027.0,30.2,8.6,17.8,0.4678,1.2,5.8,0.2118,7.0,7.2,0.95,0.2,4.0,4.2,8.8,0.4,0.2,3.6,1.0,25.4
Atlanta Hawks,1629631.0,19.8,2.4,7.6,0.31579999999999997,0.2,2.6,0.0666,1.8,2.4,0.45,0.2,2.4,2.6,0.8,0.4,0.6,0.8,2.4,6.8
Atlanta Hawks,203992.0,33.0,8.4,14.6,0.5820000000000001,5.0,9.0,0.5641999999999999,1.4,1.4,0.4,0.4,2.2,2.6,4.0,2.0,0.6,1.0,2.4,23.2
Atlanta Hawks,203991.0,28.8,6.0,9.8,0.6364,0.0,0.0,0.0,1.8,3.0,0.45339999999999997,4.4,8.8,13.2,0.2,0.6,1.6,1.4,2.2,13.8
Atlanta Hawks,1630168.0,14.8,3.6,5.4,0.5631999999999999,0.0,0.0,0.0,0.8,1.6,0.4666,2.8,2.8,5.6,1.0,0.4,0.8,1.0,1.4,8.0
Atlanta Hawks,1628981.0,8.6,1.2,3.2,0.38,0.0,0.0,0.0,0.6,0.8,0.3,0.6,2.2,2.8,0.2,0.4,0.0,0.4,0.6,3.0
Atlanta Hawks,1629726.0,12.0,0.8,2.8,0.2166,0.8,2.8,0.2166,0.6,0.8,0.15,0.0,0.8,0.8,0.0,0.2,0.2,0.2,1.6,3.0
Atlanta Hawks,202083.0,20.8,2.2,4.6,0.4058,1.4,3.4,0.36,0.8,0.8,0.4,0.8,1.6,2.4,1.0,1.0,0.2,0.6,1.0,6.6
Atlanta Hawks,1630180.0,35.6,6.2,15.8,0.41059999999999997,3.4,9.4,0.3684,2.4,3.4,0.6434,0.4,5.0,5.4,1.6,0.6,0.6,1.6,1.8,18.2
Boston Celtics,1628369.0,35.4,9.0,19.8,0.4526,2.4,7.6,0.2978,4.8,6.0,0.8,1.0,6.6,7.6,3.6,1.4,1.0,2.8,2.4,25.2
Boston Celtics,201950.0,33.6,7.4,15.4,0.48599999999999993,1.8,5.2,0.3188,2.4,2.6,0.76,1.2,2.6,3.8,8.0,1.0,1.2,1.4,1.0,19.0
Boston Celtics,1627759.0,37.8,9.0,23.4,0.38199999999999995,3.6,10.4,0.3264,4.4,5.2,0.8366,1.6,6.8,8.4,3.0,1.6,0.6,2.8,2.8,26.0
Boston Celtics,204001.0,26.4,6.6,13.0,0.5147999999999999,2.2,3.8,0.6266,2.2,2.4,0.5714,1.4,3.8,5.2,1.0,0.4,0.2,0.0,2.4,17.6
Boston Celtics,1628401.0,30.2,6.4,13.8,0.45759999999999995,2.8,7.8,0.309,3.4,4.0,0.8,0.8,3.8,4.6,4.6,0.8,0.8,0.6,1.4,19.0
Boston Celtics,1630202.0,19.2,2.8,8.6,0.3336,2.0,5.6,0.3246,0.2,0.4,0.1,0.4,3.4,3.8,2.2,1.0,0.0,0.4,1.2,7.8
Boston Celtics,1629052.0,29.2,4.0,8.8,0.46560000000000007,2.2,5.0,0.45,2.8,3.8,0.7333999999999999,1.6,3.4,5.0,1.6,1.2,0.6,0.2,1.8,13.0
Boston Celtics,1628436.0,17.8,2.4,5.4,0.4506,0.2,2.2,0.1,0.0,0.0,0.0,0.8,2.6,3.4,1.0,0.4,2.2,0.2,1.2,5.0
Boston Celtics,201143.0,26.8,5.8,12.0,0.5008,1.8,4.6,0.3666,0.8,0.8,0.4,1.6,4.8,6.4,2.2,0.8,1.4,0.6,1.8,14.2
Boston Celtics,1629004.0,23.2,6.0,13.6,0.43499999999999994,2.0,6.2,0.31999999999999995,0.2,0.4,0.1,0.2,2.2,2.4,2.4,1.6,0.2,1.2,1.6,14.2
Boston Celtics,1630205.0,7.8,0.6,1.0,0.33340000000000003,0.0,0.0,0.0,0.4,0.6,0.2,0.2,0.6,0.8,0.2,0.2,0.2,0.8,1.4,1.6
Cleveland Cavaliers,1629622.0,15.2,2.6,5.8,0.496,1.4,4.4,0.42140000000000005,1.0,1.2,0.35,0.2,1.4,1.6,1.0,0.4,0.2,0.2,1.0,7.6
Cleveland Cavaliers,1629660.0,21.4,4.8,9.2,0.5342,2.4,4.2,0.5700000000000001,1.2,1.4,0.4,0.0,2.6,2.6,3.8,0.6,0.4,1.6,2.6,13.2
Cleveland Cavaliers,1627747.0,35.6,8.6,20.0,0.4398000000000001,2.0,6.6,0.3554,4.8,5.4,0.9454,0.8,5.2,6.0,8.2,1.8,0.4,3.6,2.8,24.0
Cleveland Cavaliers,1630241.0,8.2,1.0,2.6,0.42219999999999996,0.6,1.6,0.4,0.0,0.0,0.0,0.0,0.6,0.6,0.4,0.6,0.0,0.0,0.6,2.6
Cleveland Cavaliers,1629636.0,29.0,6.0,14.2,0.40800000000000003,1.6,5.6,0.2844,2.6,2.8,0.75,0.0,2.0,2.0,6.8,1.4,0.0,3.8,0.8,16.2
Cleveland Cavaliers,202684.0,27.6,2.2,5.0,0.5119999999999999,0.0,0.0,0.0,0.4,1.2,0.1,2.4,4.8,7.2,1.4,0.8,1.2,1.4,2.4,4.8
Cleveland Cavaliers,1627777.0,22.8,4.2,8.2,0.4788,2.8,5.6,0.45999999999999996,1.8,2.0,0.7,0.0,2.0,2.0,1.0,1.2,0.0,0.8,1.8,13.0
Cleveland Cavaliers,1627745.0,27.6,5.0,7.6,0.6421999999999999,0.2,0.6,0.2,1.6,2.4,0.3666,2.0,4.8,6.8,2.4,0.2,2.2,1.2,2.8,11.8
Cleveland Cavaliers,1628386.0,31.0,3.8,8.0,0.46720000000000006,0.2,0.8,0.2,2.6,4.2,0.47620000000000007,3.0,6.8,9.8,1.8,0.2,0.8,1.6,1.0,10.4
Cleveland Cavaliers,1629731.0,33.0,3.6,8.2,0.3424,2.0,5.2,0.29700000000000004,1.4,1.8,0.45999999999999996,1.2,5.6,6.8,1.6,1.8,0.0,1.2,3.2,10.6
Cleveland Cavaliers,1630171.0,36.8,6.4,16.8,0.381,1.4,6.4,0.1722,2.6,3.8,0.75,1.2,4.0,5.2,3.2,0.2,0.2,1.6,3.2,16.8
Cleveland Cavaliers,1628378.0,32.2,10.8,23.8,0.458,3.0,9.4,0.3224,8.4,9.6,0.8764,0.8,3.0,3.8,3.8,0.8,0.4,2.6,2.0,33.0
New Orleans Pelicans,1629627.0,36.2,10.8,19.8,0.5532,0.0,0.6,0.0,6.4,9.0,0.7332,4.0,3.8,7.8,4.4,1.6,0.6,4.0,1.0,28.0
New Orleans Pelicans,203468.0,35.2,10.0,19.2,0.52,4.4,8.6,0.49779999999999996,2.0,2.8,0.5,0.6,2.4,3.0,4.8,0.6,0.2,1.6,1.2,26.4
New Orleans Pelicans,1630230.0,31.8,5.8,12.8,0.45380000000000004,1.4,3.8,0.33999999999999997,2.0,2.6,0.6,1.4,6.0,7.4,3.2,1.0,0.2,2.8,2.8,15.0
New Orleans Pelicans,1627742.0,33.2,7.0,17.0,0.4046,2.2,6.0,0.356,3.2,4.2,0.65,0.6,3.6,4.2,4.6,0.8,0.0,2.8,2.2,19.4
New Orleans Pelicans,202685.0,32.8,9.4,12.8,0.74,0.0,0.2,0.0,3.2,3.6,0.6666000000000001,4.2,11.2,15.4,1.8,0.4,2.4,1.4,2.8,22.0
New Orleans Pelicans,1626204.0,24.6,2.4,5.8,0.438,1.0,3.2,0.32999999999999996,0.2,0.8,0.1,0.8,4.8,5.6,3.0,1.0,0.0,1.8,1.8,6.0
New Orleans Pelicans,203469.0,27.0,5.0,7.8,0.6317999999999999,0.0,0.0,0.0,2.6,3.4,0.6094,2.6,5.2,7.8,2.0,0.6,0.2,1.6,3.2,12.6
Chicago Bulls,1629632.0,35.0,5.6,13.6,0.3996,3.4,8.8,0.3718,0.6,0.8,0.15,0.4,4.4,4.8,5.6,0.6,0.2,2.0,2.6,15.2
Chicago Bulls,1628366.0,34.0,5.8,16.0,0.3956,3.6,9.6,0.46420000000000006,1.2,1.6,0.3,1.0,5.2,6.2,4.8,1.2,0.4,3.0,1.4,16.4
Chicago Bulls,203083.0,25.6,5.4,10.2,0.5024,0.0,0.0,0.0,2.4,4.4,0.5808,4.8,8.4,13.2,1.4,0.4,1.4,1.6,3.0,13.2
Chicago Bulls,1628975.0,16.2,2.8,6.2,0.5818,1.0,2.8,0.5134000000000001,0.2,0.2,0.2,0.6,2.2,2.8,1.8,0.6,0.0,0.4,0.6,6.8
Chicago Bulls,1627936.0,24.4,4.2,8.8,0.384,1.0,2.4,0.3832,1.0,1.8,0.3,0.6,2.2,2.8,4.8,1.0,0.2,2.0,2.6,10.4
Chicago Bulls,203897.0,33.6,9.6,18.6,0.5172,3.6,8.0,0.45640000000000003,3.8,4.4,0.7093999999999999,0.8,3.0,3.8,2.6,0.6,0.0,2.0,2.8,26.6
Chicago Bulls,202696.0,33.2,7.4,19.6,0.365,1.4,6.8,0.22880000000000003,0.8,0.8,0.4,2.2,11.6,13.8,5.4,0.4,0.6,1.8,2.6,17.0
Chicago Bulls,201942.0,30.6,8.4,15.6,0.5398,0.2,0.2,0.2,5.8,7.0,0.8198000000000001,0.2,3.4,3.6,4.0,0.8,0.0,2.6,2.2,22.8
Chicago Bulls,1628470.0,19.0,3.2,6.0,0.5376000000000001,1.2,2.8,0.4168,0.8,0.8,0.4,1.2,3.6,4.8,1.6,0.6,0.6,0.2,2.4,8.4
Chicago Bulls,1630172.0,25.4,4.0,7.2,0.6035999999999999,1.0,2.0,0.4166,1.6,2.2,0.45,1.6,2.4,4.0,0.8,1.0,1.0,1.6,1.2,10.6
Dallas Mavericks,203957.0,20.6,1.6,4.6,0.275,0.4,2.0,0.13340000000000002,0.2,0.4,0.1,0.4,2.4,2.8,1.8,0.8,0.4,1.4,1.6,3.8
Dallas Mavericks,1629684.0,21.0,3.0,6.0,0.49060000000000004,0.8,1.8,0.3,0.8,1.4,0.5,1.0,2.8,3.8,1.6,0.4,0.4,0.8,3.0,7.6
Dallas Mavericks,203939.0,24.4,3.0,4.0,0.75,0.0,0.0,0.0,1.8,2.2,0.5,2.0,3.8,5.8,3.0,0.4,1.4,1.2,2.8,7.8
Dallas Mavericks,1630182.0,16.2,1.8,3.8,0.55,0.2,0.8,0.1,0.4,1.2,0.1666,0.8,1.6,2.4,1.4,0.2,0.0,0.0,2.2,4.2
Dallas Mavericks,203501.0,26.6,6.2,12.0,0.5196,3.2,7.6,0.44560000000000005,3.0,3.0,0.8,0.2,2.2,2.4,3.0,0.6,0.2,0.6,1.2,18.6
Dallas Mavericks,202681.0,31.6,9.6,17.0,0.5588,4.0,7.0,0.6275999999999999,2.4,2.6,0.7666000000000001,0.0,3.2,3.2,3.0,1.8,1.4,1.2,2.8,25.6
Dallas Mavericks,1626158.0,25.2,5.0,8.6,0.5546,0.0,0.0,0.0,1.6,1.8,0.7666000000000001,0.8,3.4,4.2,2.0,1.0,1.6,0.8,3.0,11.6
Dallas Mavericks,203552.0,27.4,4.8,8.8,0.5422,3.0,5.6,0.5458,0.4,0.6,0.2,0.0,3.8,3.8,2.8,0.6,0.0,0.8,2.4,13.0
Dallas Mavericks,1628467.0,23.4,2.4,5.8,0.42460000000000003,1.8,5.0,0.3564,0.4,0.4,0.2,1.2,3.0,4.2,1.4,0.0,0.4,0.2,0.6,7.0
Dallas Mavericks,1627884.0,11.8,1.4,2.2,0.4,0.0,0.6,0.0,0.8,1.0,0.3,0.2,0.6,0.8,0.8,0.2,0.2,0.6,2.2,3.6
Dallas Mavericks,1629029.0,26.8,6.8,16.6,0.40700000000000003,2.0,7.2,0.1756,4.0,4.6,0.9027999999999998,0.8,6.0,6.8,7.0,0.8,0.2,3.0,1.8,19.6
Dallas Mavericks,202693.0,14.8,1.6,5.6,0.19,0.6,2.0,0.1666,0.6,1.2,0.3,0.6,2.8,3.4,1.8,0.4,0.0,0.6,1.4,4.4
Denver Nuggets,1629008.0,29.0,7.8,14.6,0.4976,4.0,8.4,0.4574,1.8,1.8,0.4,1.0,4.0,5.0,1.4,1.4,0.0,2.0,2.0,21.4
Denver Nuggets,203484.0,32.6,3.8,7.8,0.5182,2.4,5.6,0.522,1.6,1.6,0.6,0.6,2.2,2.8,3.6,1.6,0.6,1.0,2.4,11.6
Denver Nuggets,201599.0,17.2,2.0,3.6,0.36419999999999997,0.0,0.0,0.0,1.2,2.6,0.4,3.0,5.2,8.2,1.0,0.2,0.4,1.2,1.4,5.2
Denver Nuggets,202704.0,22.0,3.8,8.0,0.4683999999999999,2.4,6.2,0.38339999999999996,0.6,0.6,0.4,0.0,2.4,2.4,1.4,0.4,0.2,1.0,1.0,10.6
Denver Nuggets,203200.0,32.6,5.0,9.8,0.4974,3.4,7.2,0.44400000000000006,1.0,1.4,0.43339999999999995,0.4,3.4,3.8,1.6,0.0,1.0,0.8,2.2,14.4
Denver Nuggets,203999.0,29.0,9.4,17.2,0.5492,0.0,2.6,0.0,7.4,7.8,0.9596,3.0,7.0,10.0,5.8,0.4,0.2,2.2,2.4,26.2
Denver Nuggets,1630192.0,8.8,1.2,2.6,0.38580000000000003,0.8,1.4,0.3,0.0,0.0,0.0,0.2,1.6,1.8,0.8,0.4,0.0,0.0,0.6,3.2
Denver Nuggets,1627750.0,35.6,8.0,17.2,0.4716,2.6,7.0,0.3476,3.2,3.4,0.9334,0.8,4.2,5.0,3.6,1.8,0.4,2.2,1.2,21.8
Denver Nuggets,1628427.0,18.0,2.6,5.0,0.4006,0.6,1.8,0.15,0.6,1.0,0.4,0.6,1.8,2.4,0.8,0.4,0.0,0.4,0.8,6.4
Denver Nuggets,203932.0,24.6,4.0,8.6,0.3954,0.4,2.2,0.2,0.4,0.6,0.2,1.6,2.8,4.4,1.8,0.8,0.0,0.8,0.8,8.8
Golden State Warriors,1627780.0,4.4,1.2,1.2,0.6,0.2,0.2,0.2,0.0,0.0,0.0,0.0,0.8,0.8,0.2,0.2,0.0,0.0,0.4,2.6
Golden State Warriors,202709.0,27.6,5.4,10.4,0.5304,1.0,2.6,0.3,1.0,1.0,0.6,0.4,2.4,2.8,5.4,1.0,0.6,1.8,2.4,12.8
Golden State Warriors,101108.0,30.8,7.8,13.0,0.6044,1.6,3.2,0.5906,2.0,2.2,0.75,0.0,3.6,3.6,9.6,1.2,0.4,2.2,3.2,19.2
Golden State Warriors,1626172.0,26.2,1.8,3.6,0.5034000000000001,0.0,0.0,0.0,1.2,2.0,0.45,2.6,7.6,10.2,2.4,0.0,0.2,0.6,3.2,4.8
Golden State Warriors,1629010.0,17.0,1.2,5.6,0.1048,0.4,2.2,0.05,0.2,0.6,0.0666,0.4,0.6,1.0,1.4,1.2,0.8,1.6,2.0,3.0
Golden State Warriors,203967.0,19.0,2.8,7.2,0.3082,0.4,2.0,0.1166,2.4,3.0,0.5,0.6,2.8,3.4,1.2,1.0,0.0,0.8,1.8,8.4
Golden State Warriors,203952.0,33.8,9.4,18.0,0.5182,1.6,4.6,0.4232,1.4,2.0,0.7333999999999999,2.4,4.0,6.4,2.4,0.6,0.4,1.4,2.8,21.8
Golden State Warriors,203110.0,34.8,4.0,7.4,0.5334,1.0,2.2,0.3166,2.4,2.6,0.9,0.8,6.8,7.6,10.4,1.8,0.6,2.4,1.8,11.4
Golden State Warriors,201939.0,34.8,11.8,26.0,0.45280000000000004,6.0,16.0,0.3434,7.6,8.2,0.9214,0.4,4.2,4.6,6.0,1.2,0.2,3.4,1.8,37.2
Houston Rockets,1628988.0,24.6,3.2,7.6,0.385,0.8,2.4,0.3666,1.2,1.6,0.6,0.8,1.4,2.2,3.6,1.2,0.4,1.8,1.0,8.4
Houston Rockets,203506.0,30.4,5.0,11.6,0.42700000000000005,1.6,5.0,0.3168,2.6,3.8,0.7,0.6,3.2,3.8,4.0,1.8,0.6,3.2,3.4,14.2
Houston Rockets,1627832.0,40.0,7.0,20.2,0.3344,3.4,10.8,0.30079999999999996,2.2,2.6,0.6334,0.8,4.2,5.0,7.2,1.4,0.2,1.2,1.2,19.6
Houston Rockets,1630256.0,26.6,4.8,11.2,0.45600000000000007,1.6,4.0,0.45339999999999997,2.4,3.6,0.55,1.6,3.6,5.2,5.2,0.2,0.4,2.4,3.2,13.6
Houston Rockets,1628415.0,33.4,8.4,19.0,0.4412,1.8,5.8,0.3202,2.8,4.0,0.7096,1.0,2.4,3.4,3.4,1.4,0.8,1.2,3.2,21.4
Houston Rockets,1630207.0,6.8,1.2,3.8,0.27,0.6,2.2,0.2,0.6,0.8,0.3,0.0,0.6,0.6,0.6,0.4,0.2,0.0,1.0,3.6
Houston Rockets,203493.0,41.0,5.0,11.2,0.4386,3.4,8.2,0.3988,0.6,0.6,0.2,0.2,4.2,4.4,1.8,1.2,0.4,0.6,2.2,14.0
Houston Rockets,201145.0,21.8,5.6,8.4,0.6918,2.8,4.6,0.6238,1.4,1.6,0.7,0.6,2.6,3.2,0.6,0.2,0.4,1.2,1.4,15.4
Houston Rockets,1626246.0,3.8,1.0,1.8,0.35,0.2,0.4,0.2,0.6,0.8,0.15,0.4,0.8,1.2,0.2,0.0,0.0,0.4,0.0,2.8
Los Angeles Clippers,201566.0,40.8,9.2,21.8,0.4192,2.6,7.2,0.3504,6.8,8.4,0.8278000000000001,1.6,11.2,12.8,15.6,1.6,0.4,3.6,3.4,27.8
Los Angeles Clippers,201935.0,24.4,4.8,9.6,0.438,1.6,3.8,0.3166,4.4,5.4,0.5046,0.2,6.2,6.4,8.0,0.8,1.0,2.6,1.2,15.6
Los Angeles Clippers,202695.0,32.0,5.4,12.0,0.4892,1.8,4.4,0.3554,6.0,6.4,0.9266,0.2,4.8,5.0,5.6,0.8,0.2,2.6,1.0,18.6
Los Angeles Clippers,1629599.0,15.4,1.4,4.0,0.20220000000000002,0.6,1.8,0.27999999999999997,2.6,3.0,0.538,0.4,1.2,1.6,1.0,0.2,0.0,0.4,2.4,6.0
Los Angeles Clippers,1628464.0,29.0,3.6,7.8,0.49660000000000004,1.0,2.4,0.4666,1.6,2.0,0.8,2.6,4.6,7.2,1.4,1.6,0.6,1.2,2.6,9.8
Los Angeles Clippers,202331.0,35.0,7.2,16.4,0.45359999999999995,2.8,8.6,0.34299999999999997,2.8,3.4,0.6266,0.6,7.0,7.6,4.6,0.4,0.4,3.6,2.6,20.0
Los Angeles Clippers,1629611.0,11.6,3.6,4.4,0.595,0.4,0.8,0.3,2.0,2.2,0.5599999999999999,0.4,1.6,2.0,0.8,0.2,0.0,0.2,1.0,9.6
Los Angeles Clippers,200782.0,20.2,0.6,2.4,0.2166,0.4,1.8,0.1666,0.6,0.8,0.3,0.4,1.8,2.2,1.4,0.2,0.0,0.2,1.0,2.2
Los Angeles Clippers,1626181.0,35.8,5.4,11.8,0.45280000000000004,2.2,5.2,0.4484,3.8,4.2,0.7556,0.4,4.2,4.6,1.8,0.8,0.2,1.4,2.2,16.8
Los Angeles Clippers,1627826.0,17.8,3.0,4.2,0.6334,0.2,0.2,0.2,0.8,0.8,0.4,2.0,3.8,5.8,1.2,0.0,0.6,0.6,2.0,7.0
Los Angeles Clippers,203486.0,24.6,4.6,6.4,0.7056,0.0,0.0,0.0,1.6,2.4,0.35,2.2,9.2,11.4,4.4,0.2,1.2,1.8,3.0,10.8
Los Angeles Lakers,1626156.0,31.4,6.2,16.0,0.38560000000000005,2.8,8.0,0.3236,3.4,5.0,0.7266,0.4,3.2,3.6,7.0,1.6,0.8,2.0,1.2,18.6
Los Angeles Lakers,1629020.0,20.2,3.2,5.4,0.62,0.0,0.2,0.0,0.6,1.0,0.4,3.0,4.6,7.6,0.6,1.0,0.4,0.2,1.4,7.0
Los Angeles Lakers,203076.0,37.8,9.4,20.6,0.45359999999999995,0.8,3.2,0.2234,8.4,10.6,0.7832000000000001,1.6,7.4,9.0,4.0,1.4,0.8,2.2,1.0,28.0
Los Angeles Lakers,1630219.0,12.8,3.2,5.0,0.6856,0.8,2.0,0.34659999999999996,0.0,0.0,0.0,0.2,1.6,1.8,1.8,0.2,0.4,0.4,0.2,7.2
Los Angeles Lakers,1629629.0,31.4,4.0,10.2,0.40779999999999994,1.6,5.2,0.31579999999999997,3.2,3.4,0.95,1.2,3.2,4.4,1.4,1.8,0.8,1.2,2.6,12.8
Los Angeles Lakers,1629216.0,10.8,2.4,4.4,0.3428,1.6,2.8,0.44580000000000003,0.0,0.0,0.0,0.0,1.4,1.4,2.4,0.4,0.0,0.8,1.2,6.4
Los Angeles Lakers,1629637.0,23.2,5.6,10.4,0.5396,0.6,1.2,0.2,3.2,4.4,0.6,2.6,3.6,6.2,1.0,0.6,1.4,0.4,1.0,15.0
Los Angeles Lakers,1627752.0,22.4,4.4,8.6,0.47919999999999996,2.4,4.8,0.3872,0.8,0.8,0.4,0.2,2.4,2.6,1.8,1.2,0.2,1.8,1.8,12.0
Los Angeles Lakers,1629685.0,9.4,0.8,2.2,0.4166,0.2,1.2,0.1,0.0,0.2,0.0,0.0,1.2,1.2,0.4,0.6,0.0,1.6,1.2,1.8
Los Angeles Lakers,2544.0,25.2,7.4,14.6,0.509,1.4,4.2,0.35,2.6,3.8,0.6628000000000001,1.0,3.8,4.8,6.2,1.0,0.2,3.4,1.0,18.8
Los Angeles Lakers,1629060.0,32.2,6.8,14.0,0.4882000000000001,0.8,2.6,0.3,0.4,0.6,0.4,0.8,4.0,4.8,1.0,0.4,0.2,0.6,1.8,14.8
Los Angeles Lakers,1626174.0,35.6,7.4,17.6,0.41979999999999995,2.4,7.0,0.30720000000000003,4.4,6.8,0.558,2.8,9.4,12.2,3.4,0.4,0.6,3.0,2.8,21.6
Miami Heat,1626196.0,20.8,4.2,10.0,0.38580000000000003,1.0,3.0,0.3832,1.2,1.2,0.4,1.0,1.0,2.0,1.8,1.4,0.2,0.8,1.2,10.6
Miami Heat,1626179.0,40.4,7.8,18.0,0.3994,2.8,7.8,0.33440000000000003,3.4,4.0,0.8834,1.0,4.8,5.8,5.4,2.0,0.2,2.2,1.6,21.8
Miami Heat,1630181.0,29.2,6.0,13.2,0.4506,1.2,3.2,0.26,2.0,3.6,0.4342,1.0,5.6,6.6,5.0,0.0,0.2,2.0,1.4,15.2
Miami Heat,1628389.0,33.8,6.4,10.4,0.6362,0.0,0.0,0.0,3.2,3.8,0.6652,1.4,6.0,7.4,5.6,1.4,1.0,2.4,2.8,16.0
Miami Heat,1629639.0,26.8,5.8,11.8,0.4668,2.2,5.4,0.4018,0.8,1.2,0.4,0.4,6.0,6.4,3.6,0.2,0.0,2.0,1.6,14.6
Miami Heat,1628997.0,19.0,1.4,4.6,0.2142,0.6,2.8,0.1666,1.0,1.4,0.3,0.2,1.6,1.8,1.6,0.6,0.4,0.6,1.4,4.4
Miami Heat,202710.0,30.0,6.2,11.0,0.567,1.2,2.0,0.4666,7.0,8.2,0.8699999999999999,1.8,4.4,6.2,6.4,1.8,0.2,1.6,1.0,20.6
Miami Heat,1628418.0,23.2,4.6,6.4,0.5692,0.4,1.2,0.3,1.8,2.2,0.65,1.6,5.4,7.0,1.4,0.4,0.2,0.6,2.2,11.4
Miami Heat,201567.0,30.0,6.0,12.6,0.438,3.8,7.4,0.4534000000000001,1.8,2.0,0.55,1.0,9.0,10.0,3.0,0.8,0.0,1.8,1.0,17.6
Miami Heat,1629130.0,28.6,4.6,10.0,0.45619999999999994,3.8,8.4,0.44320000000000004,1.4,1.6,0.3666,0.2,2.0,2.2,1.6,1.2,0.8,1.2,1.8,14.4
Milwaukee Bucks,203081.0,35.6,10.4,18.6,0.5509999999999999,4.0,8.8,0.4422,6.6,7.0,0.95,0.6,4.0,4.6,7.0,0.2,0.2,2.0,1.0,31.4
Milwaukee Bucks,1627736.0,31.8,4.6,14.0,0.3316,3.4,9.6,0.352,1.8,2.0,0.5666,0.2,2.0,2.2,1.6,0.6,0.2,1.6,2.2,14.4
Milwaukee Bucks,1626171.0,17.6,5.2,10.0,0.5554,1.0,2.0,0.4666,1.6,2.2,0.6,3.2,3.8,7.0,0.8,0.6,0.4,0.8,1.2,13.0
Milwaukee Bucks,201572.0,26.2,7.2,11.4,0.655,0.6,2.6,0.18,3.4,4.2,0.6134,2.4,3.6,6.0,0.2,0.2,1.2,1.0,1.4,18.4
Milwaukee Bucks,1626166.0,22.6,6.4,10.4,0.6104,2.6,4.4,0.61,1.2,1.2,0.6,0.2,3.0,3.2,4.6,0.6,0.4,0.8,1.2,16.6
Milwaukee Bucks,203114.0,32.0,7.2,14.8,0.49260000000000004,1.8,6.2,0.2644,3.8,4.0,0.9666,0.6,4.8,5.4,5.2,0.4,0.0,2.2,2.2,20.0
Milwaukee Bucks,1626192.0,20.6,1.6,5.4,0.24,1.0,4.0,0.2572,0.6,0.6,0.2,0.6,4.6,5.2,0.6,1.0,0.2,0.4,0.8,4.8
Milwaukee Bucks,203507.0,31.8,10.0,15.0,0.6607999999999999,0.4,2.4,0.2666,5.0,7.8,0.6006,1.0,9.0,10.0,5.2,1.2,0.4,1.0,2.8,25.4
Milwaukee Bucks,201577.0,17.4,5.8,9.8,0.548,0.0,0.0,0.0,0.0,0.0,0.0,2.0,1.6,3.6,0.4,0.2,0.2,1.2,1.6,11.6
Milwaukee Bucks,203648.0,8.2,0.0,1.4,0.0,0.0,0.4,0.0,1.2,1.6,0.3,0.0,0.4,0.4,0.6,0.6,0.0,0.4,0.8,1.2
Milwaukee Bucks,203109.0,28.4,4.0,9.2,0.449,3.6,7.8,0.4558,1.2,1.6,0.2934,0.4,2.8,3.2,1.8,0.8,0.8,0.6,3.4,12.8
Minnesota Timberwolves,203937.0,29.0,4.6,8.4,0.5591999999999999,1.4,3.2,0.4166,3.2,4.0,0.7056,0.2,4.4,4.6,4.8,0.8,1.4,1.4,1.8,13.8
Minnesota Timberwolves,1630183.0,24.6,2.8,5.8,0.38880000000000003,1.2,3.8,0.21580000000000005,0.2,0.4,0.1,0.6,2.2,2.8,1.4,0.4,1.2,0.8,3.0,7.0
Minnesota Timberwolves,1630162.0,34.8,8.0,16.4,0.49879999999999997,2.8,7.8,0.3554,5.2,6.6,0.6834,0.6,4.0,4.6,4.4,1.0,1.0,1.8,2.0,24.0
Minnesota Timberwolves,1629162.0,16.6,2.4,4.6,0.6466000000000001,0.8,2.6,0.5,0.6,0.8,0.3,0.4,2.2,2.6,2.0,0.8,0.0,1.0,0.8,6.2
Minnesota Timberwolves,1629638.0,31.4,6.8,16.0,0.42060000000000003,2.2,6.4,0.3472,1.8,2.8,0.5476,0.6,3.0,3.6,4.2,1.4,0.2,2.4,2.2,17.6
Minnesota Timberwolves,201144.0,25.0,5.0,12.6,0.3756,2.2,6.0,0.4332,3.0,3.6,0.6866,0.6,4.2,4.8,7.8,1.8,0.2,2.0,1.6,15.2
Minnesota Timberwolves,1629675.0,19.6,5.0,8.6,0.6192,0.8,2.4,0.2666,1.4,2.6,0.48,1.8,3.6,5.4,1.4,0.4,1.2,0.8,2.4,12.2
Minnesota Timberwolves,1629003.0,21.8,3.8,8.4,0.4058,0.8,3.2,0.15,2.0,2.6,0.7142,0.4,2.8,3.2,4.2,0.6,0.4,1.2,2.0,10.4
Minnesota Timberwolves,1628972.0,19.4,2.2,4.0,0.5668,0.2,1.6,0.1,0.2,0.2,0.2,0.4,3.4,3.8,0.6,0.4,0.0,0.6,1.0,4.8
Minnesota Timberwolves,203497.0,30.2,5.4,8.0,0.6779999999999999,0.0,0.2,0.0,2.6,4.4,0.5668,4.0,12.6,16.6,1.2,0.6,1.6,2.0,2.0,13.4
Minnesota Timberwolves,1626157.0,32.0,8.2,17.4,0.4718,2.2,6.8,0.2942,5.8,7.0,0.8131999999999999,3.8,6.4,10.2,4.0,1.2,0.4,2.4,3.8,24.4
Brooklyn Nets,1626220.0,30.4,2.8,6.8,0.44719999999999993,1.8,4.8,0.3666,0.6,0.8,0.3,1.8,3.6,5.4,3.0,0.6,0.4,1.6,2.4,8.0
Brooklyn Nets,1628969.0,29.6,5.0,7.4,0.7140000000000001,1.6,3.0,0.5868,1.8,1.8,0.6,0.4,3.6,4.0,1.8,1.2,0.6,0.8,1.6,13.4
Brooklyn Nets,1629661.0,25.0,2.0,8.4,0.2238,0.8,6.0,0.13340000000000002,1.0,1.4,0.35,0.8,3.4,4.2,1.0,1.0,0.0,0.4,1.2,5.8
Brooklyn Nets,1628372.0,17.4,1.8,4.2,0.4266,0.4,1.4,0.3,1.4,2.0,0.55,0.2,1.4,1.6,3.2,0.6,0.4,1.2,1.8,5.4
Brooklyn Nets,1629022.0,26.0,4.0,10.4,0.3666,1.8,6.0,0.2782,0.0,0.0,0.0,0.2,2.6,2.8,2.2,0.4,0.0,1.4,1.2,9.8
Brooklyn Nets,1627732.0,29.4,5.2,9.2,0.5626,0.0,0.0,0.0,1.4,1.6,0.5334,1.4,3.6,5.0,7.0,1.0,0.2,1.6,2.6,11.8
Brooklyn Nets,1628385.0,4.6,1.4,2.8,0.3366,0.0,1.0,0.0,0.2,1.0,0.1,0.2,1.8,2.0,0.8,0.4,0.6,0.2,0.4,3.0
Brooklyn Nets,1627827.0,26.6,3.8,7.4,0.5234000000000001,1.6,4.4,0.45339999999999997,0.2,0.4,0.1,0.6,3.0,3.6,1.8,0.4,0.2,1.4,2.2,9.4
Brooklyn Nets,1629651.0,21.6,3.8,4.8,0.8178000000000001,0.0,0.0,0.0,1.6,3.6,0.3142,1.2,5.2,6.4,0.2,0.6,2.0,0.8,3.0,9.2
New York Knicks,1628978.0,29.8,4.6,10.0,0.44539999999999996,3.0,7.6,0.39580000000000004,1.4,2.0,0.6,0.6,6.0,6.6,3.6,1.0,0.4,1.2,1.6,13.6
New York Knicks,1628404.0,32.2,2.6,8.2,0.31999999999999995,1.2,4.6,0.28680000000000005,2.2,2.4,0.7666000000000001,1.8,11.2,13.0,3.6,1.2,0.4,1.8,2.8,8.6
New York Knicks,1630201.0,35.8,6.8,16.6,0.4192,3.2,9.2,0.3586,2.2,2.8,0.43339999999999995,0.4,4.4,4.8,4.8,1.6,0.4,1.0,2.6,19.0
New York Knicks,1630173.0,10.6,2.4,4.2,0.325,0.0,0.2,0.0,0.6,1.4,0.0858,0.6,1.6,2.2,0.4,0.4,0.4,0.4,0.6,5.4
New York Knicks,1628384.0,35.6,8.4,16.8,0.5112,3.2,7.6,0.39559999999999995,2.0,2.4,0.55,0.4,4.4,4.8,3.6,1.4,0.8,1.2,2.0,22.0
New York Knicks,1628973.0,22.8,5.2,8.6,0.6043999999999999,2.2,3.6,0.55,0.8,1.2,0.32,0.0,2.4,2.4,4.6,0.8,0.2,1.0,1.2,13.4
New York Knicks,203095.0,33.0,7.4,14.6,0.5272,4.4,7.8,0.583,0.8,1.2,0.43339999999999995,0.4,3.2,3.6,5.2,0.8,1.0,1.2,2.6,20.0
New York Knicks,1629011.0,19.0,3.4,5.2,0.6821999999999999,0.0,0.0,0.0,0.8,2.2,0.33340000000000003,4.2,3.8,8.0,0.8,1.0,0.8,1.0,1.8,7.6
New York Knicks,203944.0,42.0,8.4,21.6,0.37960000000000005,2.2,6.4,0.3,5.6,6.6,0.6849999999999999,0.2,9.6,9.8,7.8,0.6,0.2,3.6,3.4,24.6
New York Knicks,1629718.0,17.4,1.6,4.4,0.4232,0.4,1.8,0.3,1.4,1.6,0.35,0.4,1.4,1.8,1.2,0.2,0.2,0.4,2.6,5.0
New York Knicks,1627853.0,8.0,1.6,2.8,0.4466,1.2,1.8,0.4666,0.0,0.0,0.0,0.0,1.4,1.4,1.4,0.2,0.0,0.4,1.0,4.4
New York Knicks,1628392.0,14.2,3.0,5.6,0.5484,0.0,0.2,0.0,0.8,0.8,0.4,1.0,2.2,3.2,2.0,0.2,0.4,1.0,2.4,6.8
Orlando Magic,1629643.0,29.8,4.6,11.6,0.3932,1.6,5.0,0.3,0.8,1.0,0.5,0.8,3.4,4.2,2.4,2.2,0.2,1.0,1.2,11.6
Orlando Magic,204060.0,29.8,3.4,9.0,0.371,1.8,6.4,0.2732,1.0,1.2,0.35,0.0,3.8,3.8,5.6,0.8,0.0,2.4,1.2,9.6
Orlando Magic,203914.0,20.2,3.2,8.2,0.43039999999999995,1.2,4.0,0.31920000000000004,0.8,0.8,0.6,0.2,0.2,0.4,1.6,0.2,0.0,1.0,0.8,8.4
Orlando Magic,1628365.0,25.2,3.4,11.0,0.3186,0.4,1.6,0.15,1.0,1.2,0.7,0.6,2.2,2.8,6.0,1.0,0.2,2.0,2.0,8.2
Orlando Magic,1629021.0,25.0,3.6,8.0,0.4790000000000001,1.6,4.0,0.375,2.0,2.4,0.5166000000000001,1.4,4.4,5.8,0.8,0.2,0.6,1.2,3.2,10.8
Orlando Magic,1628976.0,25.0,2.8,8.0,0.319,0.2,1.4,0.1,1.6,2.0,0.5334,2.6,5.8,8.4,1.4,0.2,0.6,1.0,1.8,7.4
Orlando Magic,1629048.0,18.4,1.4,5.2,0.23500000000000001,0.6,2.8,0.2,2.2,3.2,0.43339999999999995,1.8,2.6,4.4,1.2,0.0,1.6,0.2,3.2,5.6
Orlando Magic,1630175.0,27.2,6.2,15.0,0.4138,1.8,5.0,0.43979999999999997,3.6,4.2,0.5666,0.6,5.0,5.6,2.8,0.6,0.0,3.8,1.4,17.8
Indiana Pacers,1630169.0,33.0,6.8,14.4,0.475,2.2,6.2,0.36819999999999997,1.2,1.2,0.6,0.4,2.4,2.8,8.2,1.6,0.2,2.8,0.2,17.0
Indiana Pacers,1630167.0,7.8,1.8,2.4,0.67,0.6,1.0,0.5,0.0,0.0,0.0,0.2,1.0,1.2,0.6,0.0,0.2,0.0,0.4,4.2
Indiana Pacers,1627741.0,31.0,5.6,12.8,0.4404,3.4,9.2,0.3546,0.4,0.6,0.13340000000000002,0.8,3.4,4.2,6.6,0.8,0.4,2.0,1.6,15.0
Indiana Pacers,204456.0,34.0,5.8,10.2,0.5836,0.2,0.8,0.1,0.8,1.0,0.33340000000000003,0.6,4.6,5.2,8.2,2.4,0.6,2.6,2.2,12.6
Indiana Pacers,201949.0,24.8,4.2,8.8,0.5603999999999999,0.8,2.2,0.4,1.6,3.2,0.35,1.0,4.0,5.0,2.6,0.8,0.0,1.2,2.0,10.8
Indiana Pacers,1630174.0,19.8,3.0,7.2,0.43800000000000006,1.0,3.4,0.2634,1.2,1.2,0.4,0.8,3.4,4.2,1.6,0.4,0.0,0.4,3.0,8.2
Indiana Pacers,1630188.0,13.4,2.2,4.0,0.571,0.4,1.2,0.25,0.8,0.8,0.2,0.2,3.4,3.6,0.4,0.0,0.4,0.4,1.2,5.6
Indiana Pacers,1626167.0,30.4,4.0,8.4,0.48360000000000003,1.4,4.0,0.3234,2.4,3.2,0.6,1.2,6.0,7.2,0.8,0.2,2.2,1.8,3.8,11.8
Indiana Pacers,1627783.0,38.4,11.4,23.4,0.4742,1.6,5.2,0.2732,3.6,5.2,0.5382,2.0,6.2,8.2,3.4,1.8,0.4,3.6,2.0,28.0
Philadelphia 76ers,1630178.0,25.4,5.6,11.2,0.4734,1.0,2.2,0.2834,3.2,3.6,0.7214,0.2,3.6,3.8,4.6,1.4,0.8,0.8,2.8,15.4
Philadelphia 76ers,1630231.0,37.0,6.4,13.0,0.5038,2.4,6.2,0.46440000000000003,1.8,3.0,0.55,1.0,7.8,8.8,2.6,1.4,0.8,1.8,2.6,17.0
Philadelphia 76ers,202694.0,23.0,3.6,7.4,0.5006,1.4,3.0,0.52,2.0,2.4,0.72,0.6,2.6,3.2,0.4,0.2,0.4,1.8,1.0,10.6
Philadelphia 76ers,1628964.0,25.4,3.4,9.6,0.3372,0.8,4.2,0.1486,2.6,3.6,0.6599999999999999,2.6,7.2,9.8,1.6,0.8,2.2,1.0,2.4,10.2
Philadelphia 76ers,1629001.0,18.6,1.6,5.2,0.3038,0.6,3.0,0.24,1.0,1.0,0.2,0.2,1.6,1.8,2.0,1.4,0.8,1.2,1.2,4.8
Philadelphia 76ers,1626162.0,29.2,5.8,13.2,0.4076000000000001,1.6,5.2,0.27159999999999995,3.8,5.6,0.7228,2.0,3.4,5.4,0.8,0.8,0.8,1.6,1.6,17.0
Philadelphia 76ers,202699.0,31.2,7.2,16.6,0.421,1.2,3.8,0.3,2.8,3.2,0.7266,1.0,4.0,5.0,2.6,0.6,0.6,0.8,1.2,18.4
Philadelphia 76ers,203954.0,25.8,7.6,13.6,0.53,1.0,2.0,0.55,7.6,8.2,0.775,2.0,6.8,8.8,1.8,0.8,0.8,3.0,2.0,23.8
Philadelphia 76ers,201976.0,18.2,1.6,5.0,0.265,0.4,2.6,0.1666,0.6,0.8,0.3,0.4,1.0,1.4,1.6,0.4,0.8,1.2,1.6,4.2
Philadelphia 76ers,1627863.0,17.8,2.2,5.6,0.3988,0.8,3.4,0.18660000000000002,0.4,0.8,0.2666,0.0,2.2,2.2,2.0,0.2,0.4,1.2,1.2,5.6
Philadelphia 76ers,1627788.0,16.0,1.6,6.4,0.1952,0.8,4.0,0.11439999999999999,0.4,0.6,0.3,0.6,1.4,2.0,2.6,0.4,0.2,0.6,1.0,4.4
Philadelphia 76ers,203496.0,31.2,2.2,5.6,0.39339999999999997,1.6,4.6,0.32999999999999996,0.6,1.0,0.3,1.0,5.2,6.2,1.2,1.4,1.0,0.2,3.2,6.6
Philadelphia 76ers,201587.0,21.8,3.0,5.4,0.5384,1.4,3.6,0.3332,0.4,0.8,0.2,0.4,4.2,4.6,1.8,0.8,0.6,0.4,0.8,7.8
Philadelphia 76ers,1630194.0,8.6,2.4,4.4,0.5876,0.0,0.0,0.0,0.6,0.8,0.15,2.0,1.6,3.6,1.0,0.6,0.2,0.4,1.4,5.4
Phoenix Suns,1626164.0,34.0,6.8,16.4,0.3962,1.6,5.2,0.2138,8.0,8.6,0.9470000000000001,0.6,4.2,4.8,2.8,0.2,0.0,2.8,2.0,23.2
Phoenix Suns,1629006.0,15.4,1.0,2.8,0.33340000000000003,0.4,1.6,0.2666,1.0,2.0,0.3,1.2,1.0,2.2,0.8,0.8,0.8,1.2,1.6,3.4
Phoenix Suns,203078.0,39.0,12.6,25.6,0.49000000000000005,2.2,6.0,0.48040000000000005,6.8,8.8,0.755,1.6,3.4,5.0,3.8,1.0,0.6,2.4,2.0,34.2
Phoenix Suns,1629002.0,28.8,4.8,10.4,0.48839999999999995,1.6,3.8,0.4466,1.6,2.0,0.65,0.8,5.6,6.4,1.4,0.6,0.6,1.4,2.2,12.8
Phoenix Suns,1628960.0,21.2,1.8,6.2,0.22160000000000002,0.6,3.4,0.1332,1.4,1.4,0.6,0.8,2.0,2.8,1.8,0.4,0.2,0.4,1.2,5.6
Phoenix Suns,1630177.0,24.6,4.4,11.6,0.3708,1.6,6.0,0.2738,1.4,2.4,0.3834,0.4,2.2,2.6,3.8,0.8,0.0,1.4,0.6,11.8
Phoenix Suns,1627814.0,19.8,3.2,5.0,0.7082,1.6,3.2,0.4666,0.4,0.4,0.2,0.6,2.6,3.2,1.0,1.0,0.4,0.8,1.6,8.4
Phoenix Suns,1629626.0,6.4,0.2,2.2,0.0334,0.0,0.8,0.0,0.2,0.2,0.2,0.0,1.2,1.2,0.0,0.0,0.0,0.2,0.4,0.6
Phoenix Suns,1629234.0,13.8,2.6,4.8,0.5286,0.0,0.0,0.0,2.0,2.2,0.7666000000000001,3.0,3.2,6.2,0.4,0.2,0.4,1.0,2.4,7.2
Phoenix Suns,1629139.0,20.4,2.2,6.0,0.3332,1.2,3.2,0.3,0.6,0.8,0.3,0.4,3.6,4.0,1.4,0.8,0.2,0.4,1.2,6.2
Phoenix Suns,203994.0,25.6,6.4,12.0,0.538,0.2,0.4,0.2,2.4,4.4,0.575,3.8,6.4,10.2,4.2,1.8,1.6,2.0,2.8,15.4
Phoenix Suns,1628966.0,11.6,2.2,4.0,0.34219999999999995,0.0,0.2,0.0,0.4,0.4,0.4,0.6,2.6,3.2,0.6,0.0,0.2,0.6,0.2,4.8
Phoenix Suns,201569.0,28.4,4.4,14.2,0.301,1.8,7.8,0.21880000000000002,3.2,4.4,0.7362,0.2,1.6,1.8,2.2,0.4,0.4,1.8,2.4,13.8
Phoenix Suns,1629642.0,8.8,1.8,2.4,0.6166,0.2,0.4,0.2,0.2,0.2,0.2,0.4,1.4,1.8,0.2,0.0,0.0,0.4,0.2,4.0
Phoenix Suns,1628962.0,2.6,0.0,0.4,0.0,0.0,0.0,0.0,0.8,0.8,0.2,0.0,0.4,0.4,0.0,0.0,0.2,0.0,0.4,0.8
Phoenix Suns,201142.0,32.2,6.8,12.8,0.5539999999999999,1.2,4.0,0.33340000000000003,5.8,6.4,0.868,0.2,7.6,7.8,8.2,0.6,1.6,3.0,1.2,20.6
Phoenix Suns,1630240.0,23.8,3.6,6.2,0.44720000000000004,0.0,0.4,0.0,2.2,2.4,0.35,0.6,1.4,2.0,4.6,1.0,0.4,1.6,1.4,9.4
Portland Trail Blazers,1629014.0,21.0,1.8,5.0,0.375,1.2,3.6,0.3466,1.2,1.2,0.6,0.2,2.4,2.6,0.6,0.2,0.2,0.6,1.4,6.0
Portland Trail Blazers,1629028.0,31.2,5.4,7.2,0.7928000000000001,0.0,0.0,0.0,1.6,1.8,0.5,2.8,6.2,9.0,1.4,0.8,2.0,1.0,2.0,12.4
Portland Trail Blazers,1629680.0,18.8,1.6,4.0,0.355,0.8,2.6,0.2466,0.0,0.2,0.0,0.0,1.0,1.0,0.6,2.0,1.8,0.8,1.4,4.0
Portland Trail Blazers,203924.0,28.6,6.6,15.8,0.42479999999999996,1.2,4.8,0.2166,5.0,6.8,0.744,0.2,3.0,3.2,2.4,0.2,1.0,2.0,2.0,19.4
Portland Trail Blazers,1629650.0,26.2,4.4,8.4,0.5122,0.0,0.0,0.0,2.6,4.2,0.47140000000000004,5.0,6.0,11.0,0.6,0.8,2.4,0.8,2.2,11.4
Portland Trail Blazers,1627763.0,29.0,7.0,16.0,0.37039999999999995,2.0,6.2,0.2894,3.6,4.0,0.8666,0.6,7.2,7.8,5.2,0.2,0.4,2.2,1.4,19.6
Portland Trail Blazers,1629057.0,19.2,2.8,3.8,0.7602,0.0,0.0,0.0,0.6,1.6,0.2,2.4,3.8,6.2,2.2,0.8,1.4,0.8,1.0,6.2
Sacramento Kings,1628370.0,15.0,1.8,6.4,0.2566,0.6,3.6,0.15,0.6,0.8,0.4,0.0,1.4,1.4,2.0,0.2,0.0,0.8,0.6,4.8
Sacramento Kings,201580.0,15.8,3.0,6.6,0.4088,0.0,0.4,0.0,0.2,0.4,0.1,2.2,4.2,6.4,0.6,0.2,1.2,0.8,2.8,6.2
Sacramento Kings,1628368.0,36.8,9.8,21.4,0.4506,0.8,3.8,0.2,6.4,7.4,0.8333999999999999,1.0,3.2,4.2,7.8,2.6,0.4,2.4,2.4,26.8
Sacramento Kings,1628989.0,27.8,3.8,9.6,0.4016,1.8,5.2,0.35340000000000005,0.2,0.4,0.1,0.6,3.2,3.8,3.2,0.6,0.4,0.8,2.0,9.6
Sacramento Kings,1627734.0,37.4,8.8,16.4,0.5624,0.8,2.6,0.3666,2.0,2.6,0.3048,2.0,11.6,13.6,11.2,1.8,0.8,3.2,2.8,20.4
Sacramento Kings,203458.0,14.4,1.6,3.8,0.3524,0.0,0.0,0.0,0.8,0.8,0.4,1.8,4.0,5.8,0.6,0.8,1.4,0.4,1.8,4.0
Sacramento Kings,203084.0,35.4,7.4,13.0,0.5776,3.8,6.8,0.575,3.0,3.4,0.9334,0.6,5.8,6.4,3.4,0.2,0.2,2.0,1.0,21.6
Sacramento Kings,1626168.0,14.6,1.6,3.2,0.2222,0.2,1.0,0.1,0.6,0.8,0.3,0.2,3.6,3.8,0.8,0.4,0.0,0.6,0.8,4.0
San Antonio Spurs,1629640.0,24.6,4.8,9.6,0.5,0.8,3.0,0.2334,3.0,3.6,0.775,1.0,2.2,3.2,1.8,0.6,0.0,1.8,1.6,13.4
San Antonio Spurs,1628984.0,30.4,4.6,11.4,0.3604,3.4,8.8,0.3418,4.4,4.4,1.0,0.6,2.0,2.6,5.0,0.2,0.0,1.0,0.8,17.0
San Antonio Spurs,1626224.0,33.2,5.4,12.8,0.4266,2.2,6.4,0.3734,1.6,1.6,0.6,0.4,3.6,4.0,4.4,0.8,0.0,3.2,3.0,14.6
San Antonio Spurs,203926.0,26.2,7.0,12.8,0.5676,2.6,6.0,0.4324,1.2,1.4,0.36,0.2,1.8,2.0,1.4,0.4,0.2,0.6,2.0,17.8
San Antonio Spurs,1629603.0,11.0,1.2,3.2,0.2728,0.0,0.4,0.0,1.0,1.6,0.125,0.4,1.6,2.0,0.6,0.8,0.2,0.2,1.4,3.4
San Antonio Spurs,1630170.0,22.6,3.0,8.2,0.4022,0.6,3.8,0.1734,1.2,1.4,0.36,0.2,3.2,3.4,1.6,0.2,0.4,0.6,2.0,7.8
San Antonio Spurs,1630200.0,13.0,1.6,3.2,0.3866,0.0,0.2,0.0,1.6,2.0,0.5,0.4,0.4,0.8,2.8,0.4,0.0,0.2,0.4,4.8
Oklahoma City Thunder,1628983.0,32.0,9.6,19.4,0.4962,2.0,4.4,0.3568,5.4,6.0,0.8817999999999999,0.4,2.2,2.6,4.0,0.8,0.6,3.8,2.0,26.6
Oklahoma City Thunder,1629652.0,28.6,4.0,14.6,0.28640000000000004,2.4,7.6,0.3136,1.6,2.4,0.4,1.0,1.8,2.8,2.6,0.2,0.0,1.6,2.8,12.0
Oklahoma City Thunder,202722.0,31.0,4.2,10.2,0.4166,3.4,9.0,0.3816,1.6,2.2,0.3048,0.0,2.4,2.4,0.4,0.8,0.0,0.8,1.8,13.4
Oklahoma City Thunder,1630198.0,12.8,2.2,4.8,0.43339999999999995,1.8,4.0,0.4,1.0,1.2,0.1666,0.0,0.8,0.8,0.4,0.6,0.0,0.4,1.2,7.2
Oklahoma City Thunder,1630197.0,28.0,4.8,10.4,0.45620000000000005,2.0,4.6,0.2906,0.8,1.6,0.25,0.2,4.2,4.4,2.4,0.2,0.2,3.8,1.4,12.4
Oklahoma City Thunder,1629026.0,25.2,5.4,9.8,0.5578000000000001,1.4,3.0,0.36,0.6,0.8,0.3,0.8,2.6,3.4,3.2,2.0,0.6,1.6,3.2,12.8
Toronto Raptors,1629667.0,28.0,4.2,8.2,0.48980000000000007,1.0,3.6,0.27999999999999997,1.6,1.8,0.55,1.6,3.6,5.2,1.8,0.4,0.4,1.0,1.8,11.0
Toronto Raptors,1630184.0,22.2,2.6,7.0,0.3902,0.6,2.0,0.2,2.6,2.8,0.7666000000000001,0.2,2.2,2.4,2.4,0.6,0.0,1.0,2.2,8.4
Toronto Raptors,1630193.0,17.8,2.4,6.6,0.3286,1.4,3.8,0.32,2.0,2.4,0.3556,0.2,1.2,1.4,0.2,0.2,0.0,0.8,1.6,8.2
Toronto Raptors,1629628.0,36.8,5.6,14.6,0.3872,2.4,5.6,0.5254,2.6,3.4,0.48339999999999994,0.4,5.2,5.6,3.4,0.8,0.4,1.4,2.6,16.2
Toronto Raptors,1628971.0,27.6,5.2,8.2,0.6587999999999999,0.2,0.6,0.1,1.6,2.2,0.4668,1.6,6.4,8.0,2.4,1.0,1.2,0.6,2.2,12.2
Toronto Raptors,1629670.0,9.6,2.8,5.4,0.12179999999999999,0.8,2.0,0.1,0.4,0.8,0.1,1.0,2.2,3.2,0.0,0.6,0.6,0.8,0.6,6.8
Toronto Raptors,202066.0,28.6,1.8,5.4,0.42460000000000003,0.6,2.6,0.1572,0.8,1.0,0.3,0.6,3.0,3.6,2.6,0.6,1.2,0.8,2.0,5.0
Toronto Raptors,203471.0,33.0,5.4,12.6,0.4138,1.2,4.6,0.2664,1.6,1.6,0.4,0.6,2.6,3.2,6.6,0.8,0.0,2.0,2.2,13.6
Toronto Raptors,1627751.0,30.8,4.2,8.2,0.49499999999999994,0.0,0.0,0.0,0.6,1.2,0.3666,2.6,6.0,8.6,2.4,0.8,2.4,0.0,2.0,9.0
Toronto Raptors,201152.0,27.0,5.6,12.2,0.4516,0.4,1.4,0.13340000000000002,1.2,2.2,0.3,3.4,4.8,8.2,4.0,0.4,1.0,2.4,1.4,12.8
Toronto Raptors,1628449.0,29.4,5.0,10.2,0.4828,2.0,5.2,0.2444,2.8,3.4,0.5028,2.4,6.6,9.0,1.0,0.6,0.8,1.0,3.2,14.8
Toronto Raptors,203490.0,20.6,2.6,6.8,0.37720000000000004,0.2,2.4,0.04,1.0,1.0,0.4,0.4,4.6,5.0,1.6,1.0,0.0,0.6,1.2,6.4
Toronto Raptors,1629018.0,27.2,4.0,13.8,0.282,1.8,6.8,0.2186,2.4,3.0,0.48339999999999994,1.0,2.6,3.6,0.6,0.8,0.2,0.4,1.6,12.2
Toronto Raptors,1629007.0,6.8,1.2,1.6,0.6,0.4,0.6,0.4,0.6,1.0,0.2,0.4,0.6,1.0,0.0,0.2,0.2,0.4,1.2,3.4
Utah Jazz,203903.0,30.0,10.6,21.2,0.503,4.0,10.6,0.37479999999999997,3.2,3.6,0.72,0.6,3.4,4.0,2.6,0.8,0.2,1.6,2.4,28.4
Utah Jazz,1629012.0,30.4,7.0,17.4,0.4224,1.6,4.2,0.4034,8.2,9.6,0.8719999999999999,0.8,1.8,2.6,6.4,0.4,0.2,3.4,1.6,23.8
Utah Jazz,1629659.0,26.2,4.2,8.6,0.47379999999999994,1.2,2.2,0.6,2.4,3.4,0.575,0.4,1.8,2.2,5.2,1.4,0.2,2.6,1.8,12.0
Utah Jazz,1629677.0,8.6,2.0,4.4,0.38580000000000003,0.6,1.2,0.3,0.8,1.0,0.3,0.4,1.4,1.8,0.4,0.2,0.2,0.8,0.6,5.4
Utah Jazz,1628381.0,26.8,6.8,11.4,0.5912,2.0,3.6,0.6934,4.0,4.8,0.67,1.0,5.2,6.2,0.4,0.4,1.4,1.4,3.0,19.6
Utah Jazz,1628374.0,24.4,4.6,8.2,0.549,3.0,5.6,0.43339999999999995,0.6,1.2,0.15,0.2,4.4,4.6,1.0,1.0,0.2,1.2,1.4,12.8
Utah Jazz,203482.0,28.0,5.4,12.6,0.42619999999999997,1.8,4.2,0.41340000000000005,8.2,9.8,0.8454,1.0,7.2,8.2,7.2,2.0,0.4,3.4,3.8,20.8
Memphis Grizzlies,1630214.0,14.2,2.4,3.6,0.375,0.2,0.4,0.2,0.4,0.8,0.1,1.0,2.4,3.4,0.6,0.4,0.6,1.6,0.6,5.4
Memphis Grizzlies,203500.0,22.8,2.2,4.2,0.4784,0.0,0.0,0.0,0.8,1.6,0.4,1.2,5.4,6.6,1.2,0.8,0.6,0.6,1.6,5.2
Memphis Grizzlies,1628379.0,19.0,3.6,8.0,0.4606,1.4,4.4,0.3952,0.4,0.4,0.2,0.2,1.2,1.4,1.2,0.6,0.0,0.6,1.2,9.0
Memphis Grizzlies,1629630.0,35.4,5.4,13.4,0.41479999999999995,1.4,4.8,0.24,3.0,5.0,0.525,1.6,3.8,5.4,8.6,0.8,0.0,4.0,1.4,15.2
Memphis Grizzlies,1628991.0,25.8,5.0,12.2,0.417,2.2,6.6,0.343,2.8,3.0,0.8,2.0,3.8,5.8,1.4,2.2,1.8,1.8,3.6,15.0
Memphis Grizzlies,1629634.0,17.6,3.0,5.8,0.43740000000000007,0.0,1.2,0.0,1.6,2.2,0.5,2.4,3.0,5.4,0.8,1.2,1.0,0.2,1.8,7.6
Memphis Grizzlies,1630217.0,23.0,2.8,6.6,0.4358000000000001,1.6,4.4,0.3734,0.4,0.6,0.2,0.0,2.4,2.4,1.8,0.8,0.6,0.6,1.0,7.6
Memphis Grizzlies,201565.0,29.6,7.4,14.2,0.5204000000000001,1.0,2.4,0.35,2.4,2.4,1.0,0.8,3.6,4.4,5.0,0.8,0.2,2.2,0.8,18.2
Memphis Grizzlies,203935.0,32.6,3.6,10.2,0.3278,1.4,5.2,0.24979999999999997,0.2,0.6,0.1,0.8,3.8,4.6,6.2,1.0,0.4,3.4,3.0,8.8
Memphis Grizzlies,1629723.0,14.6,3.2,5.0,0.44279999999999997,1.0,2.4,0.3,1.0,1.2,0.35,1.4,2.8,4.2,1.4,0.0,0.4,0.2,1.0,8.4
Washington Wizards,1626145.0,14.2,1.8,4.4,0.43339999999999995,0.6,1.2,0.3,0.8,0.8,0.2,0.0,2.0,2.0,2.6,0.6,0.0,0.6,0.4,5.0
Washington Wizards,1630166.0,23.0,2.2,5.2,0.4774,0.4,2.2,0.3,0.4,0.6,0.2,0.4,4.0,4.4,0.8,1.0,0.6,0.4,1.6,5.2
Washington Wizards,1629673.0,26.2,7.0,12.4,0.5692,3.6,8.0,0.4492,4.2,4.4,0.7817999999999999,0.8,2.0,2.8,1.6,0.4,0.2,1.6,1.8,21.8
Washington Wizards,1630264.0,15.0,2.2,4.6,0.36,0.4,1.2,0.2,1.8,2.0,0.3,0.6,1.4,2.0,1.0,0.8,0.2,0.4,2.0,6.6
Washington Wizards,1629013.0,27.0,3.0,6.8,0.3806,2.2,5.0,0.3236,0.8,1.2,0.4,0.4,1.0,1.4,2.2,0.4,0.2,0.4,1.6,9.0
Washington Wizards,1629655.0,17.2,3.4,5.4,0.5988,0.0,0.0,0.0,2.4,2.4,0.8,2.0,2.2,4.2,0.6,0.6,1.0,1.0,2.2,9.2
Washington Wizards,1628398.0,29.4,4.8,9.8,0.49560000000000004,1.2,3.8,0.2666,1.2,2.0,0.58,0.6,4.4,5.0,2.4,0.4,0.2,1.8,2.0,12.0
Washington Wizards,1628963.0,28.0,6.8,13.0,0.49260000000000004,0.4,2.2,0.1066,2.8,4.6,0.675,2.8,5.0,7.8,1.4,0.2,0.4,1.4,1.6,16.8
Washington Wizards,1626153.0,31.6,5.0,10.4,0.4588,2.0,5.2,0.3228,0.0,0.0,0.0,1.0,3.6,4.6,5.2,1.6,0.4,2.0,1.0,12.0
Detroit Pistons,1628420.0,18.2,3.8,7.6,0.4808,0.6,1.6,0.4,0.8,0.8,0.4,0.4,0.6,1.0,2.6,1.0,0.2,0.4,0.8,9.0
Detroit Pistons,1630165.0,32.8,4.4,10.6,0.3936,1.6,4.6,0.38,0.8,0.8,0.4,0.2,3.2,3.4,6.4,0.4,0.4,3.4,2.6,11.2
Detroit Pistons,201568.0,24.0,4.2,8.6,0.4932,0.8,3.2,0.2072,1.4,1.8,0.45,0.4,4.4,4.8,2.2,1.0,0.4,0.4,2.0,10.6
Detroit Pistons,1630164.0,20.6,5.2,9.8,0.5376,0.2,1.0,0.1,0.2,0.6,0.2,1.2,4.2,5.4,1.0,0.2,0.4,0.8,1.8,10.8
Detroit Pistons,202692.0,24.2,5.2,11.2,0.4276,2.6,5.6,0.5,1.0,1.4,0.4,0.4,5.4,5.8,2.2,0.2,0.4,1.0,2.2,14.0
Detroit Pistons,1628995.0,2.8,0.2,1.0,0.1,0.2,0.4,0.2,0.4,0.4,0.2,0.0,0.2,0.2,0.2,0.2,0.0,0.2,0.0,1.0
Detroit Pistons,1630191.0,28.4,4.2,10.0,0.3834,1.2,4.4,0.2358,1.8,2.6,0.55,1.4,5.6,7.0,1.2,0.8,1.6,1.0,3.0,11.4
Detroit Pistons,203925.0,33.6,3.8,9.6,0.39139999999999997,2.2,6.0,0.3638,0.4,0.4,0.4,0.6,4.0,4.6,1.6,0.4,0.0,1.6,2.4,10.2
Detroit Pistons,203488.0,16.0,3.4,6.6,0.47759999999999997,1.8,4.0,0.41419999999999996,0.2,0.2,0.2,0.4,3.0,3.4,0.4,0.2,0.4,0.4,1.6,8.8
Detroit Pistons,202711.0,32.0,6.8,16.4,0.4114,1.8,5.6,0.2988,4.4,5.0,0.8666,0.8,3.8,4.6,2.2,0.6,0.0,2.6,1.6,19.8
Charlotte Hornets,1628970.0,36.0,7.8,16.2,0.47079999999999994,2.4,7.0,0.3478,3.6,3.8,0.9666,1.2,3.6,4.8,3.4,0.8,1.2,1.6,3.0,21.6
Charlotte Hornets,1630163.0,29.4,5.4,14.8,0.34740000000000004,1.4,4.8,0.27999999999999997,2.2,3.4,0.4666,1.4,5.0,6.4,5.6,1.4,0.2,2.6,1.4,14.4
Charlotte Hornets,1630208.0,2.2,0.0,0.4,0.0,0.0,0.2,0.0,0.0,0.0,0.0,0.4,0.0,0.4,0.2,0.0,0.0,0.0,0.4,0.0
Charlotte Hornets,200768.0,36.4,6.2,13.8,0.4084,4.0,9.2,0.38980000000000004,2.4,2.8,0.8666,0.4,3.8,4.2,8.6,0.4,0.8,1.8,3.0,18.8
Charlotte Hornets,1628998.0,23.4,2.2,5.4,0.28,0.6,1.8,0.2666,0.6,1.2,0.3,1.8,4.6,6.4,2.6,2.0,0.6,1.4,1.8,5.6
Charlotte Hornets,202397.0,25.2,5.0,9.6,0.5104,0.6,1.4,0.2334,0.2,0.4,0.1,0.8,4.8,5.6,4.2,0.8,0.4,1.0,1.6,10.8
Charlotte Hornets,202330.0,33.4,5.2,13.0,0.40580000000000005,1.6,4.0,0.46340000000000003,3.6,5.2,0.7,1.2,6.4,7.6,3.8,0.4,0.2,1.8,1.2,15.6
Charlotte Hornets,1629023.0,34.4,3.8,13.2,0.2876,1.2,6.8,0.17320000000000002,1.0,1.6,0.1666,2.4,7.0,9.4,2.4,2.2,1.0,1.4,3.2,9.8
Charlotte Hornets,1628373.0,7.0,1.0,2.0,0.37,1.0,1.6,0.4166,0.0,0.0,0.0,0.0,0.8,0.8,0.6,0.6,0.4,0.0,1.2,3.0
